{"cameraMode":{"drawMode":0,"name":"Shaded","section":"Shading Mode"},"sceneLighting":true,"audioPlay":false,"sceneViewState":{"showFog":true,"showMaterialUpdate":false,"showSkybox":false,"showFlares":true,"showImageEffects":true,"showParticleSystems":true},"in2DMode":false,"pivot":{"x":-3.2892589569091799,"y":2.173079252243042,"z":3.3865840435028078},"rotation":{"x":-0.05854088440537453,"y":0.9341943860054016,"z":-0.3016292452812195,"w":-0.18131081759929658},"size":5.601795196533203,"orthographic":false}